-- phpMyAdmin SQL Dump
-- version 5.1.1
-- https://www.phpmyadmin.net/
--
-- Хост: 127.0.0.1:3306
-- Время создания: Май 25 2023 г., 03:16
-- Версия сервера: 8.0.24
-- Версия PHP: 8.0.14

SET SQL_MODE = "NO_AUTO_VALUE_ON_ZERO";
START TRANSACTION;
SET time_zone = "+00:00";


/*!40101 SET @OLD_CHARACTER_SET_CLIENT=@@CHARACTER_SET_CLIENT */;
/*!40101 SET @OLD_CHARACTER_SET_RESULTS=@@CHARACTER_SET_RESULTS */;
/*!40101 SET @OLD_COLLATION_CONNECTION=@@COLLATION_CONNECTION */;
/*!40101 SET NAMES utf8mb4 */;

--
-- База данных: `onlineshopdb`
--

-- --------------------------------------------------------

--
-- Структура таблицы `brand`
--

CREATE TABLE `brand` (
  `id` int UNSIGNED NOT NULL,
  `name` varchar(255) NOT NULL
) ENGINE=InnoDB DEFAULT CHARSET=utf8mb4 COLLATE=utf8mb4_0900_ai_ci;

--
-- Дамп данных таблицы `brand`
--

INSERT INTO `brand` (`id`, `name`) VALUES
(5, 'ИП Виталик'),
(6, 'ИП Давыдов'),
(7, 'ИП Абдрахманов'),
(8, 'Sunlight'),
(9, 'Artfruit'),
(10, 'Polaroid'),
(11, 'Nikon'),
(12, 'RIMAZ'),
(13, 'Digma'),
(14, 'Яндекс'),
(15, 'NANO COSMOS'),
(16, 'Mens club'),
(17, 'OSTIN');

-- --------------------------------------------------------

--
-- Структура таблицы `category`
--

CREATE TABLE `category` (
  `id` int UNSIGNED NOT NULL,
  `name` varchar(255) NOT NULL
) ENGINE=InnoDB DEFAULT CHARSET=utf8mb4 COLLATE=utf8mb4_0900_ai_ci;

--
-- Дамп данных таблицы `category`
--

INSERT INTO `category` (`id`, `name`) VALUES
(5, 'Фрукты '),
(6, 'Техника'),
(7, 'Украшения'),
(8, 'Одежда'),
(9, 'Спортивные Товары '),
(10, 'Домашняя одежда');

-- --------------------------------------------------------

--
-- Структура таблицы `information`
--

CREATE TABLE `information` (
  `id` int NOT NULL,
  `product_id` int UNSIGNED NOT NULL,
  `title` varchar(255) NOT NULL,
  `description` text
) ENGINE=InnoDB DEFAULT CHARSET=utf8mb4 COLLATE=utf8mb4_0900_ai_ci;

-- --------------------------------------------------------

--
-- Структура таблицы `orrder`
--

CREATE TABLE `orrder` (
  `id` int UNSIGNED NOT NULL,
  `user_id` int UNSIGNED NOT NULL,
  `order_date` timestamp NOT NULL DEFAULT CURRENT_TIMESTAMP,
  `endDate` timestamp NULL DEFAULT NULL,
  `status` varchar(50) NOT NULL,
  `phone` varchar(20) NOT NULL,
  `email` varchar(100) NOT NULL,
  `comment` text
) ENGINE=InnoDB DEFAULT CHARSET=utf8mb4 COLLATE=utf8mb4_0900_ai_ci;

--
-- Дамп данных таблицы `orrder`
--

INSERT INTO `orrder` (`id`, `user_id`, `order_date`, `endDate`, `status`, `phone`, `email`, `comment`) VALUES
(1, 24, '2023-05-22 13:38:39', '2023-05-24 20:56:45', 'Доставлен', '', '', ''),
(2, 24, '2023-05-22 15:44:52', NULL, 'Ожидает Оплаты', '+79061457855 ', 'velitova03@mail.ru', ''),
(3, 24, '2023-05-22 17:08:04', NULL, 'Ожидает Оплаты', '+79061457855 ', 'velitova03@mail.ru', ''),
(4, 24, '2023-05-22 19:34:15', NULL, 'Доставляется', '+79061457855 ', 'velitova03@mail.ru', 'На номер лучше писать в телегу '),
(5, 24, '2023-05-22 19:41:38', '2023-05-24 12:02:12', 'Доставлен', '+79061457855 ', 'velitova03@mail.ru', ''),
(6, 24, '2023-05-22 19:44:21', NULL, 'Ожидает Оплаты', '+79061457855 ', 'velitova03@mail.ru', 'Не звонить !'),
(7, 24, '2023-05-22 20:28:33', NULL, 'Ожидает Оплаты', '+79061457855 ', 'velitova03@mail.ru', ''),
(8, 26, '2023-05-22 21:35:13', '2023-05-24 05:48:14', 'Отменен', ' 89994701200', 'ValeraJdan@gmail.ru', ''),
(9, 26, '2023-05-22 21:40:12', '2023-05-24 05:50:51', 'Отменен', ' 89994701200', 'levgrekov@mail.ruble', '2 заказ'),
(10, 26, '2023-05-24 05:50:00', '2023-05-24 05:59:44', 'Отменен', ' 89994701200', 'levgrekov@mail.ru', 'Проверка'),
(11, 26, '2023-05-24 05:52:06', NULL, 'В Доставке', ' 89994701200', 'levagrekov2000@yandex.ru', 'ТЕСТ'),
(12, 5, '2023-05-24 06:20:03', '2023-05-24 07:53:21', 'Доставлен', '+79994701200 ', 'levgrekov@mail.ru', ''),
(13, 29, '2023-05-24 14:26:53', NULL, 'В Доставке', '+79994701200 ', 'bulatovnik228@zhopa.ru', ''),
(14, 5, '2023-05-24 15:20:16', NULL, 'В Доставке', '88005553535 ', 'Valerovnik228@mail.ru', ''),
(15, 32, '2023-05-24 18:56:37', NULL, 'В Доставке', '+7906145 78-55 ', 'Loseva22vosema@gmail.ru', ''),
(16, 33, '2023-05-24 18:58:24', NULL, 'В Доставке', ' 89994701200', 'levgrekov@mail.ru', 'Проверка'),
(17, 34, '2023-05-24 19:04:28', NULL, 'В Доставке', '89991337228 ', 'Suslik1337@gmail.ru', 'Доставить к КПП пяторочка'),
(18, 34, '2023-05-24 19:05:08', NULL, 'Ожидает Оплаты', '89991337228 ', 'Suslik1337@gmail.ru', ''),
(19, 35, '2023-05-24 19:10:21', NULL, 'Ожидает Оплаты', '89452834545 ', 'amirchik2005@mail.ru', ''),
(20, 35, '2023-05-24 19:10:41', NULL, 'В Доставке', '89452834545 ', 'amirchik2005@mail.ru', ''),
(21, 36, '2023-05-24 19:17:36', '2023-05-24 19:21:20', 'Отменен', '85763902929 ', 'kisulya129@mail.ru', 'Привезти к 3 часам'),
(22, 36, '2023-05-24 19:21:52', NULL, 'Ожидает Оплаты', '85763902929 ', 'kisulya129@mail.ru', ''),
(23, 37, '2023-05-24 19:26:25', '2023-05-24 20:56:35', 'Доставлен', '89352734017 ', 'busi02@mail.ru', 'Позвонить перед доставкой'),
(24, 37, '2023-05-24 19:29:11', '2023-05-24 19:29:46', 'Отменен', '89352734017 ', 'busi02@mail.ru', ''),
(25, 38, '2023-05-24 19:36:06', NULL, 'В Доставке', '84732941818 ', 'nastya!@mail.ru', ''),
(26, 39, '2023-05-24 19:42:54', NULL, 'В Доставке', '89045361993 ', 'nilitalala@mail.ru', 'Привезти во вторник'),
(27, 39, '2023-05-24 19:45:12', '2023-05-24 19:45:25', 'Отменен', '89045361993 ', 'nilitalala@mail.ru', ''),
(28, 40, '2023-05-24 19:51:47', NULL, 'Ожидает Оплаты', '89036527833 ', 'Chekkik@mail.ru', 'Заберу сама'),
(29, 40, '2023-05-24 19:51:59', NULL, 'Ожидает Оплаты', '89036527833 ', 'Chekkik@mail.ru', 'Заберу сам'),
(30, 40, '2023-05-24 19:52:39', NULL, 'Ожидает Оплаты', '89036527833 ', 'Chekkik@mail.ru', 'заберу сама'),
(31, 40, '2023-05-24 19:52:51', NULL, 'В Доставке', '89036527833 ', 'Chekkik@mail.ru', ''),
(32, 41, '2023-05-24 19:59:43', '2023-05-24 19:59:53', 'Отменен', '86748354646 ', 'Zarika@mail.ru', ''),
(33, 41, '2023-05-24 20:02:44', NULL, 'В Доставке', '86748354646 ', 'Zarika@mail.ru', ''),
(34, 42, '2023-05-24 20:08:36', NULL, 'В Доставке', '89037586928 ', 'filca45@mail.ru', 'не звонить после 6'),
(35, 42, '2023-05-24 20:12:21', '2023-05-24 20:56:52', 'Доставлен', '89037586928 ', 'filca45@mail.ru', 'Костюмы упаковать в разные пакеты'),
(36, 43, '2023-05-24 20:19:46', NULL, 'В Доставке', '89057457373 ', 'qwertyu@mail.ru', ''),
(37, 43, '2023-05-24 20:25:10', NULL, 'Ожидает Оплаты', '89057457373 ', 'qwertyu@mail.ru', ''),
(38, 44, '2023-05-24 20:28:21', NULL, 'В Доставке', '89475863994 ', 'Alya92@mail.ru', ''),
(39, 45, '2023-05-24 20:40:46', '2023-05-24 20:40:58', 'Отменен', ' ', 'karilo23@mail.ru', ''),
(40, 45, '2023-05-24 20:52:51', NULL, 'В Доставке', ' 89994701200', 'karilo23@mail.ru', 'Купила яблочки и сережки, так на прикол '),
(41, 5, '2023-05-24 21:11:09', NULL, 'Ожидает Оплаты', '+7999 470-12-00 ', 'levagrekov2000@yandex.ru', ''),
(42, 46, '2023-05-24 23:18:36', NULL, 'В Доставке', ' 89994701200', 'Vrednulya332@gmail.ru', 'Проверка'),
(43, 46, '2023-05-24 23:19:55', NULL, 'Ожидает Оплаты', ' 89994701200', 'Vrednulya332@gmail.ru', ''),
(44, 46, '2023-05-24 23:22:53', NULL, 'В Доставке', ' ', 'Vrednulya332@gmail.ru', ''),
(45, 46, '2023-05-24 23:23:39', NULL, 'Ожидает Оплаты', ' ', 'Vrednulya332@gmail.ru', '');

-- --------------------------------------------------------

--
-- Структура таблицы `price_history`
--

CREATE TABLE `price_history` (
  `id` int UNSIGNED NOT NULL,
  `price` decimal(10,2) UNSIGNED NOT NULL,
  `product_id` int UNSIGNED NOT NULL,
  `date_from` timestamp NOT NULL DEFAULT CURRENT_TIMESTAMP,
  `date_to` timestamp NULL DEFAULT NULL
) ENGINE=InnoDB DEFAULT CHARSET=utf8mb4 COLLATE=utf8mb4_0900_ai_ci;

--
-- Дамп данных таблицы `price_history`
--

INSERT INTO `price_history` (`id`, `price`, `product_id`, `date_from`, `date_to`) VALUES
(8, '19999.00', 8, '2023-05-14 13:31:02', '2023-05-24 15:20:42'),
(10, '4000.00', 10, '2023-05-14 13:34:16', '2023-05-24 21:06:46'),
(12, '2400.00', 12, '2023-05-14 13:36:42', NULL),
(15, '16000.00', 15, '2023-05-14 13:39:31', NULL),
(17, '1.00', 17, '2023-05-14 21:00:02', '2023-05-24 21:08:45'),
(19, '899.00', 19, '2023-05-14 22:33:57', NULL),
(20, '50.00', 20, '2023-05-14 22:35:20', NULL),
(21, '2000.00', 21, '2023-05-14 22:39:55', NULL),
(22, '20.00', 22, '2023-05-15 08:59:19', NULL),
(23, '43.00', 23, '2023-05-15 09:03:26', NULL),
(24, '30.00', 24, '2023-05-18 12:24:16', NULL),
(25, '10.00', 25, '2023-05-19 18:14:57', NULL),
(26, '276.00', 26, '2023-05-19 18:18:51', '2023-05-24 15:26:48'),
(27, '140.00', 27, '2023-05-19 18:19:59', NULL),
(28, '230.00', 28, '2023-05-19 18:22:12', '2023-05-24 21:03:27'),
(29, '436.00', 29, '2023-05-19 18:22:53', NULL),
(30, '300.00', 30, '2023-05-19 18:23:55', NULL),
(31, '193.00', 31, '2023-05-19 18:26:24', NULL),
(32, '479.00', 32, '2023-05-19 18:27:03', NULL),
(33, '7000.00', 33, '2023-05-19 18:31:54', '2023-05-24 21:04:16'),
(34, '13385.00', 34, '2023-05-19 18:33:27', '2023-05-24 20:59:13'),
(35, '978.00', 35, '2023-05-19 18:36:45', '2023-05-24 21:06:05'),
(36, '390.00', 36, '2023-05-19 18:38:18', '2023-05-24 21:05:41'),
(37, '739.00', 37, '2023-05-19 18:39:14', NULL),
(38, '350.00', 38, '2023-05-19 18:40:56', '2023-05-24 15:27:24'),
(39, '1300.00', 39, '2023-05-19 18:43:27', '2023-05-24 20:58:40'),
(40, '3999.00', 40, '2023-05-20 17:27:40', NULL),
(41, '7071.00', 41, '2023-05-20 17:34:02', NULL),
(42, '7990.00', 42, '2023-05-20 17:36:28', NULL),
(43, '1079.00', 43, '2023-05-20 17:38:38', NULL),
(44, '175.00', 44, '2023-05-20 17:39:58', NULL),
(45, '2659.00', 45, '2023-05-20 17:41:53', NULL),
(46, '487.00', 46, '2023-05-20 17:44:05', '2023-05-24 21:04:36'),
(47, '780.00', 47, '2023-05-20 17:46:35', NULL),
(48, '9750.00', 48, '2023-05-20 17:48:53', NULL),
(49, '5513.00', 49, '2023-05-20 17:50:39', NULL),
(50, '5513.00', 50, '2023-05-20 17:52:35', NULL),
(51, '5292.00', 51, '2023-05-20 17:53:20', NULL),
(52, '6593.00', 52, '2023-05-20 17:54:01', NULL),
(53, '5513.00', 53, '2023-05-20 17:54:42', NULL),
(54, '5723.00', 54, '2023-05-20 17:55:23', NULL),
(55, '7542.00', 55, '2023-05-20 17:56:01', NULL),
(56, '5514.00', 56, '2023-05-20 17:56:46', NULL),
(57, '392.00', 57, '2023-05-20 17:58:15', NULL),
(58, '1983.00', 58, '2023-05-20 17:59:07', NULL),
(59, '891.00', 59, '2023-05-20 18:00:12', NULL),
(60, '300.00', 60, '2023-05-20 18:02:55', NULL),
(61, '602.00', 61, '2023-05-20 18:04:44', '2023-05-24 21:08:19'),
(62, '2100.00', 62, '2023-05-21 12:26:49', NULL),
(63, '21800.00', 63, '2023-05-21 12:35:16', NULL),
(64, '31999.00', 64, '2023-05-21 12:43:46', NULL),
(65, '682.00', 65, '2023-05-21 12:49:44', NULL),
(66, '1316.00', 66, '2023-05-21 12:52:35', NULL),
(67, '15000.00', 8, '2023-05-24 15:20:42', '2023-05-24 15:21:50'),
(68, '30000.00', 8, '2023-05-24 15:21:50', '2023-05-24 15:25:58'),
(69, '18999.00', 8, '2023-05-24 15:25:58', '2023-05-24 20:57:45'),
(70, '399.00', 26, '2023-05-24 15:26:48', NULL),
(71, '555.00', 38, '2023-05-24 15:27:24', '2023-05-24 20:58:04'),
(72, '20000.00', 8, '2023-05-24 20:57:45', NULL),
(73, '1700.00', 38, '2023-05-24 20:58:04', NULL),
(74, '2000.00', 39, '2023-05-24 20:58:40', NULL),
(75, '9999.00', 34, '2023-05-24 20:59:13', NULL),
(76, '666.00', 28, '2023-05-24 21:03:27', NULL),
(77, '5000.00', 33, '2023-05-24 21:04:16', NULL),
(78, '600.00', 46, '2023-05-24 21:04:36', NULL),
(79, '500.00', 36, '2023-05-24 21:05:41', NULL),
(80, '1200.00', 35, '2023-05-24 21:06:05', NULL),
(81, '5000.00', 10, '2023-05-24 21:06:46', NULL),
(82, '770.00', 61, '2023-05-24 21:08:19', NULL),
(83, '1000.00', 17, '2023-05-24 21:08:45', NULL);

-- --------------------------------------------------------

--
-- Структура таблицы `product`
--

CREATE TABLE `product` (
  `id` int UNSIGNED NOT NULL,
  `name` varchar(255) NOT NULL,
  `img` varchar(255) DEFAULT NULL,
  `brand_id` int UNSIGNED DEFAULT NULL,
  `category_id` int UNSIGNED DEFAULT NULL,
  `date_of_add` timestamp NULL DEFAULT CURRENT_TIMESTAMP,
  `current_price` decimal(10,2) UNSIGNED NOT NULL,
  `description` text
) ENGINE=InnoDB DEFAULT CHARSET=utf8mb4 COLLATE=utf8mb4_0900_ai_ci;

--
-- Дамп данных таблицы `product`
--

INSERT INTO `product` (`id`, `name`, `img`, `brand_id`, `category_id`, `date_of_add`, `current_price`, `description`) VALUES
(8, 'Google Pixel 4a', '6460e2963bbdb.jpg', 6, 6, '2023-05-14 13:31:02', '20000.00', NULL),
(10, 'Серьги из серебра', '6460e357c5059.jpg', 8, 7, '2023-05-14 13:34:16', '5000.00', NULL),
(12, 'Фитнес-трекер', '6460e3ea841c8.jpg', 7, 9, '2023-05-14 13:36:42', '2400.00', NULL),
(15, 'Серьги из Золота ', '6460e493583d4.jpg', 8, 7, '2023-05-14 13:39:31', '16000.00', NULL),
(17, 'Одиночество', '64614bd24f706.jpg', 7, 9, '2023-05-14 21:00:02', '1000.00', NULL),
(19, 'Шар для Боулинга ', '646161d5128d8.jpg', 5, 9, '2023-05-14 22:33:57', '899.00', NULL),
(20, 'Виталик', '64616226dfd30.jpg', 5, 8, '2023-05-14 22:35:20', '50.00', NULL),
(21, 'Ёлка', '6461633b221b2.JPG', 5, 7, '2023-05-14 22:39:55', '2000.00', NULL),
(22, 'Мариновка ', '6461f4670d6b7.jpg', 7, 5, '2023-05-15 08:59:19', '20.00', NULL),
(23, 'Маринайзер (Молодая)', '6461f55c1efdd.jpg?size=1439x2160&quality=95&sign=cb619f7fb0ad394fa236fe6f0be06fac&type=album', 7, 5, '2023-05-15 09:03:26', '43.00', NULL),
(24, 'Яблоко', '646618ef3abfd.jpg', 5, 5, '2023-05-18 12:24:16', '30.00', NULL),
(25, 'Яблоко', '6467bca0a3f7a.jpg', 6, 5, '2023-05-19 18:14:57', '10.00', NULL),
(26, 'Авокадо', '6467bd8a8bc52.jpg', 9, 5, '2023-05-19 18:18:51', '399.00', NULL),
(27, 'Маракуйя', '6467bdce2ee6a.jpg', 9, 5, '2023-05-19 18:19:59', '140.00', NULL),
(28, 'Рамбутан', '6467be53132ed.jpg', 9, 5, '2023-05-19 18:22:12', '666.00', NULL),
(29, 'Папайя', '6467be7d1f3c9.jpg', 9, 5, '2023-05-19 18:22:53', '436.00', NULL),
(30, 'Ягодный микс', '6467beba6b6ad.', 9, 5, '2023-05-19 18:23:55', '300.00', NULL),
(31, 'Голубика', '6467bf50349e0.png?preset=fulllossywhite', 9, 5, '2023-05-19 18:26:24', '193.00', NULL),
(32, 'Лонган', '6467bf76f34a2.jpg', 9, 5, '2023-05-19 18:27:03', '479.00', NULL),
(33, 'Фотоаппарат Polaroid 636 Yellow', '6467c09955ec5.jpg', 10, 6, '2023-05-19 18:31:54', '5000.00', NULL),
(34, 'Зеркальный фотоаппарат Nikon D3100 Kit 18-55mm', '6467c0f74e20b.jpg', 11, 6, '2023-05-19 18:33:27', '9999.00', NULL),
(35, 'Тапочки', '6467c1bd5aff0.jpg', 7, 10, '2023-05-19 18:36:45', '1200.00', NULL),
(36, 'Носки', '6467c21a092ba.jpg', 7, 10, '2023-05-19 18:38:18', '500.00', NULL),
(37, 'Пижама', '6467c2525f9b0.jpg', 7, 10, '2023-05-19 18:39:14', '739.00', NULL),
(38, 'Бриджи', '6467c2b7d50b6.jpg', 7, 10, '2023-05-19 18:40:56', '1700.00', NULL),
(39, 'Домашний комплект', '6467c34e5245a.jpg', 7, 10, '2023-05-19 18:43:27', '2000.00', NULL),
(40, 'Биокамин', '6469030bc4086.jpg', 12, 6, '2023-05-20 17:27:40', '3999.00', NULL),
(41, 'Монитор DM-MONB2403', '6469048826773.jpg', 13, 6, '2023-05-20 17:34:02', '7071.00', NULL),
(42, 'Умная колонка', '6469051b01569.jpg', 14, 6, '2023-05-20 17:36:28', '7990.00', NULL),
(43, 'Power Bank', '6469059979e18.jpg', 7, 6, '2023-05-20 17:38:38', '1079.00', NULL),
(44, 'Подставка для телефона', '646905ed396c0.jpg', 5, 6, '2023-05-20 17:39:58', '175.00', NULL),
(45, 'Беспроводной сканер штрихкода ', '64690660c5fed.jpg', 6, 6, '2023-05-20 17:41:53', '2659.00', NULL),
(46, 'Кабель Xiaomi', '646906e4b7d4d.jpg', 7, 6, '2023-05-20 17:44:05', '600.00', NULL),
(47, 'Наручные часы', '6469077ac5401.jpg', 8, 7, '2023-05-20 17:46:35', '780.00', NULL),
(48, 'Колье Меркурий', '6469080443156.jpg', 15, 7, '2023-05-20 17:48:53', '9750.00', NULL),
(49, 'Колье весы', '6469086e03553.jpg', 15, 7, '2023-05-20 17:50:39', '5513.00', NULL),
(50, 'Колье Близнецы', '646908e2511e1.jpg', 15, 7, '2023-05-20 17:52:35', '5513.00', NULL),
(51, 'Колье Водолей', '6469090f0ca69.jpg', 15, 7, '2023-05-20 17:53:20', '5292.00', NULL),
(52, 'Колье Дева', '64690938e5de2.jpg', 15, 7, '2023-05-20 17:54:01', '6593.00', NULL),
(53, 'Колье Лев', '646909611ba25.jpg', 15, 7, '2023-05-20 17:54:42', '5513.00', NULL),
(54, 'Колье Овен', '64690989cd061.jpg', 15, 7, '2023-05-20 17:55:23', '5723.00', NULL),
(55, 'Колье Рак', '646909b0d3f02.jpg', 15, 7, '2023-05-20 17:56:01', '7542.00', NULL),
(56, 'Колье Рыбы', '646909dd8b545.jpg', 15, 7, '2023-05-20 17:56:46', '5514.00', NULL),
(57, 'Серьги', '64690a36b2203.jpg', 8, 7, '2023-05-20 17:58:15', '392.00', NULL),
(58, 'Наручные часы', '64690a6a6b97c.jpg', 8, 7, '2023-05-20 17:59:07', '1983.00', NULL),
(59, 'Браслет', '64690aabf3566.jpg', 8, 7, '2023-05-20 18:00:12', '891.00', NULL),
(60, 'Футболка', '64690b4f2182b.', 7, 8, '2023-05-20 18:02:55', '300.00', NULL),
(61, 'Футболка', '64690bb9eb0a1.jpg', 7, 8, '2023-05-20 18:04:44', '770.00', NULL),
(62, 'Толстовка', '646a0e0858026.jpg', 6, 8, '2023-05-21 12:26:49', '2100.00', 'Толстовка унисекс приталенного кроя с капюшоном.\r\nКарманы «кенгуру», капюшон без подкладки на шнурках тон в тон. Манжеты и низ изделия выполнены резинкой 1x1. Внутренняя сторона с начесом.\r\nЛейбл производителя в боковом шве изнутри, в шве горловины — только бирка с размером, что позволяет вам нанести свой логотип.'),
(63, 'Мужской костюм-тройка', '646a1001dc354.jpeg', 16, 8, '2023-05-21 12:35:16', '21800.00', 'Приталенный костюм-тройка графитового оттенка.\r\nОднобортный пиджак с застежкой на одну пуговицу, по переду “английский” воротник с узкими лацканами, два боковых прорезных кармана с клапанами, один “билетный” кармашек и нагрудный карман с листочкой, две шлицы сзади.\r\nОднобортная жилетка с V-образным вырезом имеет застежку на пять пуговиц два прорезных боковых кармана, сзади хлястики для регулировки изделия по талии.\r\nБрюки зауженного к низу силуэта с застежкой «молния», на уровне пояса застегиваются на пуговицу, передние карманы расположены в боковых швах, на задних частях брюк расположены два кармана «в рамку» с пуговицей.'),
(64, 'Мужской костюм', '646a1200c845e.jpg', 16, 8, '2023-05-21 12:43:46', '31999.00', NULL),
(65, 'Машинка для удаления катышков', '646a1367b5296.jpg', 5, 6, '2023-05-21 12:49:44', '682.00', '5 острых сменных ножей\r\nПять острых ножей обеспечивают отличный срез, а мощность 2 Вт позволит удалить катышки с любой одежды. Специальная конструкция корпуса, с отсеком для катышков и вихревая система всасывания, обеспечат эффективность уборки срезанной ткани.\r\nБережная очистка\r\nМашинка для удаления катышков Xiaomi Mijia Rechargeable Lint Remover, имеет толщину защитной сетки всего 0.35 мм, это позволяет защитить, как ножи, так и одежду от повреждения, усиливая эффективность очистки.\r\n90 минут автономной работы\r\nВстроенный аккумулятор, ёмкостью 1300 mAh обеспечивает до 90 минут автономной работы, а полный заряд производится за 2 часа. USB-интерфейс для зарядки, позволит заряжать машинку от power bank.\r\nКомпактные размеры'),
(66, 'Комплект одежды', '646a14115f9cd.jpg', 17, 8, '2023-05-21 12:52:35', '1316.00', 'Юбка карандаш французской длины из трикотажа высокого качества и кроп топ сделают твой образ нежным, стильным, сексуальным и выразительным. Но главное, трикотажный костюм позволит создать несколько десятков образов, за счет сочетаемости юбки миди с любым верхом (кофта оверсайз, свитшот, футболка, лонгслив, рубашка, боди, водолазка, пиджак и т.д) и топика с любыми брюками, штанами карго, джинсами, палаццо, леггинсами, шортами, короткими юбками и т.п.Прямой крой юбки и облегающий топ подчеркивают женственность и красоту фигуры.');

--
-- Триггеры `product`
--
DELIMITER $$
CREATE TRIGGER `insert_price_history` AFTER INSERT ON `product` FOR EACH ROW BEGIN INSERT INTO price_history (product_id, price, date_from) VALUES (NEW.id, NEW.current_price, NOW()); END
$$
DELIMITER ;
DELIMITER $$
CREATE TRIGGER `update_price_history` AFTER UPDATE ON `product` FOR EACH ROW BEGIN
    IF (OLD.current_price <> NEW.current_price OR OLD.current_price IS NULL) THEN
        UPDATE price_history SET date_to = NOW() WHERE product_id = NEW.id AND date_to IS NULL;
        INSERT INTO price_history (product_id, price, date_from) 
        VALUES (NEW.id, NEW.current_price, NOW());
    END IF;
END
$$
DELIMITER ;

-- --------------------------------------------------------

--
-- Структура таблицы `product_in_cart`
--

CREATE TABLE `product_in_cart` (
  `id` int UNSIGNED NOT NULL,
  `product_id` int UNSIGNED NOT NULL,
  `user_id` int UNSIGNED NOT NULL,
  `amount` int UNSIGNED NOT NULL DEFAULT '1'
) ;

--
-- Дамп данных таблицы `product_in_cart`
--

INSERT INTO `product_in_cart` (`id`, `product_id`, `user_id`, `amount`) VALUES
(434, 43, 33, 3),
(455, 19, 38, 1),
(470, 37, 42, 1);

-- --------------------------------------------------------

--
-- Структура таблицы `product_in_order`
--

CREATE TABLE `product_in_order` (
  `id` int UNSIGNED NOT NULL,
  `product_id` int UNSIGNED NOT NULL,
  `order_id` int UNSIGNED NOT NULL,
  `amount` int UNSIGNED NOT NULL DEFAULT '1'
) ENGINE=InnoDB DEFAULT CHARSET=utf8mb4 COLLATE=utf8mb4_0900_ai_ci;

--
-- Дамп данных таблицы `product_in_order`
--

INSERT INTO `product_in_order` (`id`, `product_id`, `order_id`, `amount`) VALUES
(1, 39, 1, 1),
(2, 43, 1, 1),
(3, 26, 1, 1),
(4, 38, 1, 1),
(5, 59, 1, 1),
(6, 40, 1, 1),
(7, 31, 1, 1),
(8, 21, 1, 1),
(9, 49, 1, 1),
(16, 43, 2, 1),
(17, 26, 2, 1),
(19, 43, 3, 1),
(20, 26, 3, 1),
(21, 45, 3, 1),
(22, 26, 4, 1),
(23, 43, 4, 1),
(25, 26, 5, 1),
(26, 20, 5, 1),
(27, 38, 5, 1),
(28, 40, 5, 1),
(32, 38, 6, 1),
(33, 59, 6, 1),
(35, 43, 7, 1),
(36, 26, 7, 1),
(37, 49, 7, 1),
(38, 50, 7, 1),
(42, 8, 8, 1),
(43, 45, 8, 1),
(45, 26, 9, 1),
(46, 38, 10, 1),
(47, 39, 10, 1),
(49, 64, 11, 1),
(50, 15, 11, 1),
(52, 26, 12, 1),
(53, 43, 12, 1),
(54, 45, 12, 1),
(55, 38, 12, 1),
(59, 8, 13, 1),
(60, 20, 13, 1),
(61, 46, 13, 1),
(62, 43, 14, 1),
(63, 26, 14, 1),
(67, 43, 15, 1),
(68, 26, 15, 1),
(69, 45, 15, 1),
(70, 26, 16, 1),
(71, 43, 16, 1),
(72, 38, 16, 1),
(73, 50, 16, 1),
(74, 53, 16, 1),
(75, 56, 16, 1),
(76, 23, 16, 1),
(77, 64, 16, 1),
(78, 36, 16, 1),
(79, 44, 16, 1),
(80, 10, 16, 1),
(81, 12, 16, 1),
(82, 19, 16, 1),
(85, 56, 17, 1),
(86, 32, 17, 1),
(87, 63, 17, 1),
(88, 47, 17, 1),
(92, 39, 18, 1),
(93, 50, 19, 1),
(94, 27, 19, 1),
(96, 33, 20, 1),
(97, 22, 21, 1),
(98, 20, 21, 1),
(99, 63, 21, 1),
(100, 62, 21, 1),
(104, 45, 22, 1),
(105, 62, 22, 1),
(107, 59, 23, 1),
(108, 58, 23, 1),
(110, 43, 24, 1),
(111, 26, 25, 1),
(112, 31, 25, 1),
(113, 45, 25, 1),
(114, 42, 26, 1),
(115, 52, 26, 1),
(117, 17, 27, 1),
(118, 8, 28, 1),
(119, 26, 28, 1),
(121, 64, 30, 1),
(122, 43, 32, 1),
(123, 51, 32, 1),
(125, 49, 33, 1),
(126, 64, 33, 1),
(128, 43, 34, 1),
(129, 12, 34, 1),
(131, 63, 35, 4),
(132, 45, 35, 1),
(134, 43, 36, 1),
(135, 59, 36, 1),
(137, 48, 37, 1),
(138, 27, 37, 1),
(139, 42, 37, 1),
(140, 26, 38, 1),
(141, 8, 39, 1),
(142, 31, 39, 3),
(143, 39, 39, 1),
(144, 57, 40, 10),
(145, 24, 40, 1),
(146, 25, 40, 1),
(147, 8, 41, 5),
(148, 34, 41, 12),
(149, 61, 41, 2),
(150, 43, 42, 1),
(151, 59, 42, 3),
(152, 49, 42, 1),
(153, 50, 42, 1),
(154, 48, 42, 1),
(157, 59, 43, 1),
(158, 50, 43, 2),
(160, 26, 44, 1),
(161, 10, 44, 1),
(163, 38, 45, 2);

-- --------------------------------------------------------

--
-- Структура таблицы `product_in_wishlist`
--

CREATE TABLE `product_in_wishlist` (
  `id` int UNSIGNED NOT NULL,
  `product_id` int UNSIGNED NOT NULL,
  `user_id` int UNSIGNED NOT NULL
) ENGINE=InnoDB DEFAULT CHARSET=utf8mb4 COLLATE=utf8mb4_0900_ai_ci;

--
-- Дамп данных таблицы `product_in_wishlist`
--

INSERT INTO `product_in_wishlist` (`id`, `product_id`, `user_id`) VALUES
(122, 45, 24),
(131, 43, 24),
(132, 26, 24),
(136, 20, 24),
(137, 21, 34),
(138, 49, 34),
(139, 56, 34),
(140, 8, 35),
(141, 27, 35),
(142, 61, 36),
(143, 38, 37),
(144, 8, 38),
(145, 30, 38),
(146, 20, 39),
(147, 39, 39),
(148, 8, 39),
(149, 31, 40),
(150, 40, 40),
(151, 38, 41),
(152, 26, 42),
(153, 8, 42),
(154, 32, 42),
(155, 47, 44),
(156, 49, 46),
(157, 50, 46);

-- --------------------------------------------------------

--
-- Структура таблицы `review`
--

CREATE TABLE `review` (
  `id` int UNSIGNED NOT NULL,
  `user_id` int UNSIGNED NOT NULL,
  `product_id` int UNSIGNED NOT NULL,
  `rate` int UNSIGNED NOT NULL,
  `text` text,
  `date` timestamp NOT NULL DEFAULT CURRENT_TIMESTAMP
) ;

--
-- Дамп данных таблицы `review`
--

INSERT INTO `review` (`id`, `user_id`, `product_id`, `rate`, `text`, `date`) VALUES
(1, 3, 8, 3, 'Фуфло и гадость!', '2023-05-17 22:08:54'),
(2, 3, 20, 3, 'Худенький какой-то', '2023-05-17 22:17:11'),
(14, 24, 20, 2, 'Мда уж', '2023-05-20 12:56:49'),
(18, 24, 43, 2, 'Мда уж', '2023-05-20 22:21:07'),
(19, 24, 8, 5, 'Камера хорошая !', '2023-05-20 22:37:26'),
(20, 24, 62, 5, 'Шикарный Худос !!!', '2023-05-21 12:27:23'),
(21, 24, 63, 1, 'Полоски стремные !', '2023-05-21 12:45:50'),
(22, 26, 64, 5, 'Ништяковый Костюмчик !', '2023-05-24 06:00:40'),
(23, 29, 20, 1, 'не рекомендую', '2023-05-24 14:28:38'),
(24, 29, 12, 1, 'не рекомендую', '2023-05-24 14:29:30'),
(25, 29, 42, 1, 'не рекомендую', '2023-05-24 14:32:47'),
(26, 29, 19, 1, 'не рекомендую', '2023-05-24 14:36:08'),
(27, 29, 15, 1, 'не рекомендую', '2023-05-24 14:46:23'),
(28, 29, 17, 1, 'не рекомендую', '2023-05-24 14:47:07'),
(29, 5, 22, 4, 'Завязывай Щёки кусать !', '2023-05-24 15:28:50'),
(30, 5, 20, 4, 'Хороший Виталик ', '2023-05-24 15:33:58'),
(31, 5, 40, 5, 'Крутой Камин', '2023-05-24 15:35:13'),
(32, 5, 8, 5, 'Ура!', '2023-05-24 17:51:04'),
(35, 33, 43, 1, 'Плохо заряд держит!', '2023-05-24 18:58:55'),
(36, 33, 53, 1, 'Почему нет Змееносца ? (((', '2023-05-24 19:00:24'),
(37, 33, 19, 3, 'плохо катятся (((', '2023-05-24 19:02:09'),
(38, 33, 66, 1, 'Пришло не то что на фото (((', '2023-05-24 19:02:43'),
(39, 35, 12, 5, 'Отличные часы!!', '2023-05-24 19:08:37'),
(40, 35, 27, 5, 'Очень спелые, все вкусно)', '2023-05-24 19:10:09'),
(41, 35, 36, 4, 'Размер подошел, но один носок пришел порванный.', '2023-05-24 19:12:43'),
(42, 36, 22, 5, 'Просто бомба, честно говоря!!', '2023-05-24 19:15:38'),
(43, 36, 56, 4, 'Пришла с царапиной', '2023-05-24 19:16:43'),
(44, 36, 45, 1, 'Сломался через 2 дня(', '2023-05-24 19:18:24'),
(45, 37, 59, 5, 'Шикарный подарок!\r\n', '2023-05-24 19:23:53'),
(46, 37, 40, 4, 'Небольшие перебои, но все остальное супер', '2023-05-24 19:24:58'),
(47, 37, 58, 5, 'Очень милые часики. Все работает!', '2023-05-24 19:25:50'),
(48, 37, 21, 1, 'отсутствует фото,даже не стала заказывать', '2023-05-24 19:27:05'),
(49, 37, 8, 1, 'Не работает. Просьба вернуть деньги!!!!!!!!!!!!!', '2023-05-24 19:27:42'),
(50, 37, 43, 5, 'Водонепроницаемый. Супер!', '2023-05-24 19:28:27'),
(51, 37, 38, 4, 'Маломерят(', '2023-05-24 19:29:02'),
(52, 38, 26, 3, 'Один спелый, второй не очень(', '2023-05-24 19:32:43'),
(53, 38, 31, 5, 'Супер сладкая', '2023-05-24 19:33:40'),
(54, 38, 45, 4, 'Хороший, но иногда плохо считывает', '2023-05-24 19:34:20'),
(55, 38, 19, 4, 'Пришел треснутый', '2023-05-24 19:36:48'),
(56, 38, 55, 5, 'Очень стильно', '2023-05-24 19:37:20'),
(57, 39, 30, 5, 'Очень вкусно', '2023-05-24 19:39:57'),
(58, 39, 42, 5, 'Лучшая покупка!', '2023-05-24 19:40:35'),
(59, 39, 61, 4, 'Немного маломерит', '2023-05-24 19:40:57'),
(60, 39, 20, 4, 'Биткоин лучше', '2023-05-24 19:42:02'),
(61, 39, 52, 5, 'Шикарное украшение', '2023-05-24 19:42:34'),
(62, 39, 38, 5, 'Неплохая одежда для дома', '2023-05-24 19:43:28'),
(63, 39, 17, 5, 'Упаковка не повреждена!', '2023-05-24 19:44:32'),
(64, 39, 41, 5, 'Крутое качество!', '2023-05-24 19:45:01'),
(65, 39, 44, 2, 'Иногда слетает телефон', '2023-05-24 19:45:53'),
(66, 40, 8, 5, 'Хороший телефон!', '2023-05-24 19:48:36'),
(67, 40, 39, 5, 'Девушке понравился!', '2023-05-24 19:49:18'),
(68, 40, 26, 5, 'Вкусно!', '2023-05-24 19:49:42'),
(69, 40, 53, 5, 'Я в восторге!', '2023-05-24 19:50:12'),
(70, 40, 31, 4, 'Вкусно, но некоторые попались испорченные', '2023-05-24 19:50:53'),
(71, 40, 54, 1, 'Пришел без цепочки((', '2023-05-24 19:51:29'),
(72, 40, 41, 3, 'Поцарапан экран', '2023-05-24 19:53:56'),
(73, 40, 27, 5, 'Топ!', '2023-05-24 19:55:15'),
(74, 41, 30, 2, 'Фото отсутствует', '2023-05-24 19:57:09'),
(75, 41, 43, 5, 'Хороший товар!', '2023-05-24 19:57:45'),
(76, 41, 31, 1, 'Упаковка порвана', '2023-05-24 19:58:16'),
(77, 41, 51, 1, 'Пришел лев(', '2023-05-24 19:58:55'),
(78, 41, 49, 5, 'Супер подарок!', '2023-05-24 20:00:21'),
(79, 41, 46, 5, 'Хороший провод', '2023-05-24 20:00:54'),
(80, 41, 55, 5, 'Просто класс!', '2023-05-24 20:01:17'),
(81, 41, 60, 3, 'цвет не очень', '2023-05-24 20:01:44'),
(82, 41, 64, 5, 'Муж в восторге!', '2023-05-24 20:02:33'),
(83, 41, 44, 5, 'Удобно для учебы', '2023-05-24 20:03:33'),
(84, 42, 43, 5, 'Хороший повер банк!', '2023-05-24 20:07:09'),
(85, 42, 26, 3, 'Упаковка повреждена', '2023-05-24 20:07:37'),
(86, 42, 12, 1, 'Перестал заряжаться(', '2023-05-24 20:08:09'),
(87, 42, 23, 1, 'Почему вообще вы продаете людей ? Так ещё и без фото!', '2023-05-24 20:09:41'),
(88, 42, 63, 5, 'Так то нормас. Мужу купила. Носит с удовольствием !', '2023-05-24 20:10:31'),
(89, 42, 45, 5, 'Отличный прибор', '2023-05-24 20:11:51'),
(90, 42, 66, 5, 'Просто шикарный костюм!!', '2023-05-24 20:12:51'),
(91, 42, 32, 5, 'Супер вкусно', '2023-05-24 20:13:26'),
(92, 42, 37, 5, 'Очень уютный!', '2023-05-24 20:13:54'),
(93, 43, 26, 5, 'Идеальный завтрак!', '2023-05-24 20:18:32'),
(94, 43, 45, 5, 'Хороший прибор, пока не ломается', '2023-05-24 20:19:07'),
(95, 43, 59, 5, 'Очень элегантно', '2023-05-24 20:19:30'),
(96, 43, 53, 5, 'Хорошая застежка', '2023-05-24 20:20:31'),
(97, 43, 46, 1, 'Пришел сломанный', '2023-05-24 20:20:50'),
(98, 43, 21, 3, 'Дети не оценили', '2023-05-24 20:21:16'),
(99, 43, 48, 1, 'Где остальные планеты?', '2023-05-24 20:21:45'),
(100, 43, 40, 5, 'Очень уютно стало с ним', '2023-05-24 20:22:19'),
(101, 43, 52, 3, 'Поцарапано(', '2023-05-24 20:22:50'),
(102, 43, 27, 5, 'Чай с ними очень вкусный', '2023-05-24 20:23:25'),
(103, 43, 66, 4, 'Шикарный костюм, жаль нет других цветов', '2023-05-24 20:24:05'),
(104, 43, 42, 5, 'Отлично держит заряд', '2023-05-24 20:24:54'),
(105, 44, 26, 5, 'Отличное качество за эту цену', '2023-05-24 20:27:25'),
(106, 44, 45, 3, 'Завышенная цена', '2023-05-24 20:27:49'),
(107, 44, 40, 5, 'Я влюбилась в это!', '2023-05-24 20:28:12'),
(108, 44, 52, 5, 'Красота!', '2023-05-24 20:28:56'),
(109, 44, 47, 5, 'Необычно и ярко!', '2023-05-24 20:29:21'),
(110, 44, 34, 5, 'Я в восторге', '2023-05-24 20:30:18'),
(111, 44, 50, 5, 'Отличный товар', '2023-05-24 20:30:54'),
(112, 44, 65, 5, 'Лучшая моя покупка', '2023-05-24 20:31:36'),
(113, 44, 30, 5, 'Вкусняшка)', '2023-05-24 20:32:09'),
(114, 44, 19, 5, 'Понравился зеленый. Берите его!', '2023-05-24 20:32:51'),
(115, 44, 46, 3, 'Пришел поврежденный', '2023-05-24 20:33:22'),
(116, 44, 48, 5, 'Креативный кулон', '2023-05-24 20:34:03'),
(117, 45, 40, 5, 'Другу понравился!', '2023-05-24 20:36:39'),
(118, 45, 59, 1, 'Застежка не работает', '2023-05-24 20:37:17'),
(119, 45, 38, 2, 'Просвечивают', '2023-05-24 20:37:43'),
(120, 45, 31, 5, 'Кушаем всей семьей', '2023-05-24 20:38:29'),
(121, 45, 39, 5, 'Шикарный костюм. Добавьте другие цвета)', '2023-05-24 20:39:05'),
(122, 45, 17, 2, 'Фу', '2023-05-24 20:39:23'),
(123, 45, 64, 2, 'Пуговицы оторваны(', '2023-05-24 20:39:56'),
(124, 45, 33, 5, 'Лучший подарок на др!', '2023-05-24 20:40:32'),
(125, 45, 29, 1, 'Странный вкус', '2023-05-24 20:41:54'),
(126, 45, 57, 1, 'Купила 10 штук. Ни описания, ни характеристик нет. Исправьте !', '2023-05-24 20:51:58'),
(127, 5, 34, 1, 'Ну кто вообще верстал сайт ? Название за рамки вылазит! ', '2023-05-24 21:02:01'),
(129, 5, 10, 5, 'Если есть серьги из серебра, есть ли серебро из Серёг ? ', '2023-05-24 21:07:22'),
(130, 5, 43, 1, 'Я бы не купил !', '2023-05-24 21:27:01'),
(131, 46, 59, 2, 'Напряженка!', '2023-05-24 22:07:19'),
(132, 46, 50, 2, 'Почему нет Раков ? ', '2023-05-24 23:19:31');

-- --------------------------------------------------------

--
-- Структура таблицы `user`
--

CREATE TABLE `user` (
  `id` int UNSIGNED NOT NULL,
  `login` varchar(30) NOT NULL,
  `password` varchar(255) NOT NULL,
  `email` varchar(30) DEFAULT NULL,
  `phone` varchar(30) DEFAULT NULL,
  `first_name` varchar(255) DEFAULT NULL,
  `last_name` varchar(255) DEFAULT NULL,
  `img` varchar(255) DEFAULT NULL,
  `isAdmin` tinyint(1) NOT NULL DEFAULT '0'
) ENGINE=InnoDB DEFAULT CHARSET=utf8mb4 COLLATE=utf8mb4_0900_ai_ci;

--
-- Дамп данных таблицы `user`
--

INSERT INTO `user` (`id`, `login`, `password`, `email`, `phone`, `first_name`, `last_name`, `img`, `isAdmin`) VALUES
(3, 'MrSanny63rus', '123', '123@aysd.ru', '123123213', 'Санёк', 'Балакин', NULL, 0),
(5, 'levgrekov', '$2y$10$fFEcKWL6Azzv0HNudQYBwOaeUDGAyZclOzM6f6BJdDSJDXw1LNDtu', 'levagrekov2000@yandex.ru', '+7999 470-12-00', 'Лев', 'Греков', NULL, 1),
(16, 'bulat671games', '$2y$10$Le41YbaMkwqjm3R8SpvK4.95Lp/27Lh/jjc93fWnO1M6YH1selVrS', '', '', 'Булат', 'Абдрахманов', NULL, 0),
(21, 'Termit228', '$2y$10$dHkyVhIUc4nYS2VQBLYBQevJBc2jXRjr881.NO7g1qzLGzeXbMuvi', 'danilka228@gamil.ru', '79062455855', 'Данил', 'Чекашов', NULL, 0),
(23, 'Awillav1337', '$2y$10$4VvSjRavYVUP2R4tuY/Sv.DXRieaCxY6h67fhwHKYGSixh5qiZgYW', 'velitova03@gmail.ru', NULL, 'Амиля', 'Греков', NULL, 0),
(24, 'Awillav', '$2y$10$tFwASWnoJediq/v3YlE2SOhl4Vujx/Ex5tQrSVcMYWiSGxUp2eDj6', 'velitova03@mail.ru', '+79061457855', 'Амиля', 'Велитова', NULL, 1),
(25, 'Vitas007', '$2y$10$FqC6sRBA4FdIXzNK9SvKfe0YBHYCQH2swZiDYejQeSdiSXGc82rQy', NULL, NULL, 'Виталька', 'Долгоногий', NULL, 0),
(26, 'YashaMara', '$2y$10$HGSjjYttBb6gnApVe9QbteEbMjRXYEXhD8sLtbZXuegwubR0tWNAC', NULL, NULL, 'Яша', 'Марьин', NULL, 0),
(27, 'Vitas22891', '$2y$10$kkX4PdHgPqdZRyP/0ncHLeW/nW72p25nmhdciZl6A9e8ZWCoLjE6S', NULL, NULL, 'Виталя', 'Долгоногов', NULL, 0),
(29, 'bulat672games', '$2y$10$oLcuIPjalaGuij85gG/y2OlQW/S80ilgeGOLFZ7whS2Xntte4qshi', 'bulatovnik228@zhopa.ru', '+79994701200', 'Булат', 'Абдрахманов', NULL, 0),
(30, 'yasergey', '$2y$10$ROEL7yeVufMQ1qG4kJ1Cqel8iRr.7mfXIfj/7FWB/VTgZPxcbpDnO', 'bulatovnik2281@zhopa.ru', 'bulatovnik2281@zhopa.ru', 'Наталевка', 'Лавелина', NULL, 0),
(31, 'gera', '$2y$10$Jkp5ztcDUcdNjHYymgDVMOCTaUldANf3l.wlHIbSEgOdibDVBcrUK', 'bulatovnik22811@zhopa.ru', 'bulatovnik22811@zhopa.ru', 'fndvjknhdfjvs', 'fvmksldkmvkls', NULL, 0),
(32, 'Loseva22vosema', '$2y$10$x7ySuTgRJK5J.jYnFlgC1.oWrBAfuAdqABL07druoRRM7AWRBtZ6e', 'Loseva22vosema@gmail.ru', '+7906145 78-55', 'Наталья', 'Лосева', NULL, 0),
(33, 'wqdqwfiwqm', '$2y$10$zQY7wjMJO5BAuiPh9HAL1.f.OOI3y19iSJ6ONiHuJlPSVS2BARzFq', NULL, NULL, 'dsadsafwf', 'wqdqwfiwqm', NULL, 0),
(34, 'Suslik1337', '$2y$10$HfxkFM3WALzc1dqUmGJzkONEfhvc90mG6YYWYW5pWdd5E177ma4w6', 'Suslik1337@gmail.ru', '89991337228', 'Эльмира ', 'Сусликова', NULL, 0),
(35, 'amirchik2005', '$2y$10$LKEatoBH3vzaZGbyyrAld.Kb7QqEesj49AqZrtZP7069KKCWPixde', 'amirchik2005@mail.ru', '89452834545', 'Амир', 'Олегов', NULL, 0),
(36, 'kisulya129', '$2y$10$HnVSj2Ma0/OV27JQhUzu7uGRtDgzcYvhaYV0Ps2d0gkDxV/vtF02O', 'kisulya129@mail.ru', '85763902929', 'Екатерина', 'Виталикова', NULL, 0),
(37, 'busi02', '$2y$10$fNGSJdegY9UN8kYvN020zutBWwLJZ5iy0OueuqoRfJpR8pJo1HZvS', 'busi02@mail.ru', '89352734017', 'Анфиса', 'Шкафов', NULL, 0),
(38, 'nastya!', '$2y$10$tAn8NdHWIq/Ik36K0z38UOPctRPmo74quA5qyZvucXTUdOlJvNvNC', 'nastya!@mail.ru', '84732941818', 'Анастасия', 'Путятешна', NULL, 0),
(39, 'nilitalala', '$2y$10$MdzpagVJg285CEnOgf5BmORDOG3syW99LEpc1arMgi4M6RPa2zElS', 'nilitalala@mail.ru', '89045361993', 'Никита', 'Мерфиев', NULL, 0),
(40, 'Chekkik', '$2y$10$qibsJwMg79GryAuF0CHDUOjIJbdHhE9e1uodW8IWwD6EMmA0WmukO', 'Chekkik@mail.ru', '89036527833', 'Кирилл', 'Чекашов', NULL, 0),
(41, 'Zarika', '$2y$10$I2Ys3XlQoQItA.NnQroS1eKZKZ0..futRbC9MHSdXyoxNRkly0Q2e', 'Zarika@mail.ru', '86748354646', 'Зарина', 'Эбивна', NULL, 0),
(42, 'filca45', '$2y$10$/yRlAhRK2jTZlKnrwkCxQ.IdBHhq/gzGeLAyGmb5svB4KQYwNta1m', 'filca45@mail.ru', '89037586928', 'Фукиса', 'Терминаторовна', NULL, 0),
(43, 'qwertyu678', '$2y$10$IuJ.oc7alD93W4xn7bHvFuSTHlXPqHgYG9tiJNIUi6/buPmsCZTHu', 'qwertyu@mail.ru', '89057457373', 'Арсений', 'Кольцов', NULL, 0),
(44, 'Alya92', '$2y$10$NT8wzbFd1vNRMg/2IBh8NOaHgVlgrsK4.kAcI6166vg6lHhPlC4c.', 'Alya92@mail.ru', '89475863994', 'Алефтина', 'Актубус', NULL, 0),
(45, 'karilo23', '$2y$10$Q7TlGsc6ahVpkj6GOl42vuLZ8JUfa9pSJpTsWkzNl19F6aTQQmzbO', 'karilo23@mail.ru', NULL, 'Карина', 'Лонер', NULL, 0),
(46, 'Vrednulya332', '$2y$10$LAwIUu7UJY.KD4aCoPn5lujjmv5xCwyofbiuKZQQp0NNMsAJ1EHA6', 'Vrednulya332@gmail.ru', NULL, 'Амиля', 'Вредина', NULL, 0);

--
-- Индексы сохранённых таблиц
--

--
-- Индексы таблицы `brand`
--
ALTER TABLE `brand`
  ADD PRIMARY KEY (`id`);

--
-- Индексы таблицы `category`
--
ALTER TABLE `category`
  ADD PRIMARY KEY (`id`);

--
-- Индексы таблицы `information`
--
ALTER TABLE `information`
  ADD PRIMARY KEY (`id`),
  ADD KEY `product_id` (`product_id`);

--
-- Индексы таблицы `orrder`
--
ALTER TABLE `orrder`
  ADD PRIMARY KEY (`id`),
  ADD KEY `user_id` (`user_id`);

--
-- Индексы таблицы `price_history`
--
ALTER TABLE `price_history`
  ADD PRIMARY KEY (`id`),
  ADD KEY `product_id` (`product_id`);

--
-- Индексы таблицы `product`
--
ALTER TABLE `product`
  ADD PRIMARY KEY (`id`),
  ADD KEY `brand_id` (`brand_id`),
  ADD KEY `category_id` (`category_id`);

--
-- Индексы таблицы `product_in_cart`
--
ALTER TABLE `product_in_cart`
  ADD PRIMARY KEY (`id`),
  ADD KEY `product_id` (`product_id`),
  ADD KEY `user_id` (`user_id`);

--
-- Индексы таблицы `product_in_order`
--
ALTER TABLE `product_in_order`
  ADD PRIMARY KEY (`id`),
  ADD KEY `product_id` (`product_id`),
  ADD KEY `order_id` (`order_id`);

--
-- Индексы таблицы `product_in_wishlist`
--
ALTER TABLE `product_in_wishlist`
  ADD PRIMARY KEY (`id`),
  ADD KEY `product_id` (`product_id`),
  ADD KEY `user_id` (`user_id`);

--
-- Индексы таблицы `review`
--
ALTER TABLE `review`
  ADD PRIMARY KEY (`id`),
  ADD UNIQUE KEY `uc_user_product` (`user_id`,`product_id`),
  ADD KEY `review_ibfk_2` (`product_id`);

--
-- Индексы таблицы `user`
--
ALTER TABLE `user`
  ADD PRIMARY KEY (`id`),
  ADD UNIQUE KEY `login` (`login`),
  ADD UNIQUE KEY `email` (`email`),
  ADD UNIQUE KEY `phone` (`phone`);

--
-- AUTO_INCREMENT для сохранённых таблиц
--

--
-- AUTO_INCREMENT для таблицы `brand`
--
ALTER TABLE `brand`
  MODIFY `id` int UNSIGNED NOT NULL AUTO_INCREMENT, AUTO_INCREMENT=18;

--
-- AUTO_INCREMENT для таблицы `category`
--
ALTER TABLE `category`
  MODIFY `id` int UNSIGNED NOT NULL AUTO_INCREMENT, AUTO_INCREMENT=11;

--
-- AUTO_INCREMENT для таблицы `information`
--
ALTER TABLE `information`
  MODIFY `id` int NOT NULL AUTO_INCREMENT;

--
-- AUTO_INCREMENT для таблицы `orrder`
--
ALTER TABLE `orrder`
  MODIFY `id` int UNSIGNED NOT NULL AUTO_INCREMENT, AUTO_INCREMENT=46;

--
-- AUTO_INCREMENT для таблицы `price_history`
--
ALTER TABLE `price_history`
  MODIFY `id` int UNSIGNED NOT NULL AUTO_INCREMENT, AUTO_INCREMENT=84;

--
-- AUTO_INCREMENT для таблицы `product`
--
ALTER TABLE `product`
  MODIFY `id` int UNSIGNED NOT NULL AUTO_INCREMENT, AUTO_INCREMENT=67;

--
-- AUTO_INCREMENT для таблицы `product_in_cart`
--
ALTER TABLE `product_in_cart`
  MODIFY `id` int UNSIGNED NOT NULL AUTO_INCREMENT;

--
-- AUTO_INCREMENT для таблицы `product_in_order`
--
ALTER TABLE `product_in_order`
  MODIFY `id` int UNSIGNED NOT NULL AUTO_INCREMENT, AUTO_INCREMENT=164;

--
-- AUTO_INCREMENT для таблицы `product_in_wishlist`
--
ALTER TABLE `product_in_wishlist`
  MODIFY `id` int UNSIGNED NOT NULL AUTO_INCREMENT, AUTO_INCREMENT=158;

--
-- AUTO_INCREMENT для таблицы `review`
--
ALTER TABLE `review`
  MODIFY `id` int UNSIGNED NOT NULL AUTO_INCREMENT;

--
-- AUTO_INCREMENT для таблицы `user`
--
ALTER TABLE `user`
  MODIFY `id` int UNSIGNED NOT NULL AUTO_INCREMENT, AUTO_INCREMENT=47;

--
-- Ограничения внешнего ключа сохраненных таблиц
--

--
-- Ограничения внешнего ключа таблицы `information`
--
ALTER TABLE `information`
  ADD CONSTRAINT `information_ibfk_1` FOREIGN KEY (`product_id`) REFERENCES `product` (`id`) ON DELETE CASCADE;

--
-- Ограничения внешнего ключа таблицы `orrder`
--
ALTER TABLE `orrder`
  ADD CONSTRAINT `orrder_ibfk_1` FOREIGN KEY (`user_id`) REFERENCES `user` (`id`) ON DELETE CASCADE,
  ADD CONSTRAINT `orrder_ibfk_2` FOREIGN KEY (`user_id`) REFERENCES `user` (`id`) ON DELETE RESTRICT;

--
-- Ограничения внешнего ключа таблицы `price_history`
--
ALTER TABLE `price_history`
  ADD CONSTRAINT `price_history_ibfk_1` FOREIGN KEY (`product_id`) REFERENCES `product` (`id`) ON DELETE CASCADE;

--
-- Ограничения внешнего ключа таблицы `product`
--
ALTER TABLE `product`
  ADD CONSTRAINT `product_ibfk_1` FOREIGN KEY (`brand_id`) REFERENCES `brand` (`id`) ON DELETE SET NULL,
  ADD CONSTRAINT `product_ibfk_2` FOREIGN KEY (`category_id`) REFERENCES `category` (`id`) ON DELETE SET NULL;

--
-- Ограничения внешнего ключа таблицы `product_in_cart`
--
ALTER TABLE `product_in_cart`
  ADD CONSTRAINT `product_in_cart_ibfk_1` FOREIGN KEY (`product_id`) REFERENCES `product` (`id`) ON DELETE CASCADE,
  ADD CONSTRAINT `product_in_cart_ibfk_2` FOREIGN KEY (`user_id`) REFERENCES `user` (`id`) ON DELETE CASCADE;

--
-- Ограничения внешнего ключа таблицы `product_in_order`
--
ALTER TABLE `product_in_order`
  ADD CONSTRAINT `product_in_order_ibfk_1` FOREIGN KEY (`product_id`) REFERENCES `product` (`id`) ON DELETE CASCADE,
  ADD CONSTRAINT `product_in_order_ibfk_2` FOREIGN KEY (`order_id`) REFERENCES `orrder` (`id`) ON DELETE CASCADE;

--
-- Ограничения внешнего ключа таблицы `product_in_wishlist`
--
ALTER TABLE `product_in_wishlist`
  ADD CONSTRAINT `product_in_wishlist_ibfk_1` FOREIGN KEY (`product_id`) REFERENCES `product` (`id`) ON DELETE CASCADE,
  ADD CONSTRAINT `product_in_wishlist_ibfk_2` FOREIGN KEY (`user_id`) REFERENCES `user` (`id`) ON DELETE CASCADE;

--
-- Ограничения внешнего ключа таблицы `review`
--
ALTER TABLE `review`
  ADD CONSTRAINT `review_ibfk_1` FOREIGN KEY (`user_id`) REFERENCES `user` (`id`) ON DELETE CASCADE,
  ADD CONSTRAINT `review_ibfk_2` FOREIGN KEY (`product_id`) REFERENCES `product` (`id`) ON DELETE CASCADE;
COMMIT;

/*!40101 SET CHARACTER_SET_CLIENT=@OLD_CHARACTER_SET_CLIENT */;
/*!40101 SET CHARACTER_SET_RESULTS=@OLD_CHARACTER_SET_RESULTS */;
/*!40101 SET COLLATION_CONNECTION=@OLD_COLLATION_CONNECTION */;
